id,name,state
2336,All BOP Residential Reentry Centers,*other
1878,All ICE Facilities,*other
1718,Alabama Corrections Academy,Alabama
1,Alabama Headquarters,Alabama
2,Alabama Treatment And Education Facility,Alabama
3,Alex City Community Based Facility,Alabama
2331,Aliceville Federal Correctional Institution,Alabama
5,Bibb Correctional Facility,Alabama
6,Birmingham Community Based Facility,Alabama
7,Bullock Correctional Facility,Alabama
8,Camden Community Based Facility,Alabama
9,Childersburg Community Based Facility,Alabama
10,Cjc,Alabama
11,Donaldson Correctional Facility,Alabama
12,Draper Quarantine Intake Facility,Alabama
13,Easterling Correctional Facility,Alabama
14,Elba Community Based Facility,Alabama
15,Elmore Correctional Facility,Alabama
16,Fountain Correctional Facility,Alabama
17,Frank Lee Community Based Facility,Alabama
18,Hamilton Aged And Infirmed,Alabama
19,Hamilton Community Based Facility,Alabama
20,Holman Correctional Facility,Alabama
1803,ICE Etowah County Jail Alabama,Alabama
22,Kilby Correctional Facility,Alabama
23,Limestone Correctional Facility,Alabama
24,Loxley Community Based Facility,Alabama
25,Mobile Community Based Facility,Alabama
2407,Montgomery Federal Prison Camp,Alabama
27,Montgomery Womens Facility,Alabama
28,North Alabama Community Based Facility,Alabama
29,Red Eagle Community Based Facility,Alabama
30,Regional Training Centers,Alabama
33,St Clair Correctional Facility,Alabama
34,Statewide,Alabama
2036,Statewide For Non-Specific Facilities,Alabama
35,Staton Correctional Facility,Alabama
2437,Talladega Federal Correctional Institution,Alabama
38,Training Academy,Alabama
39,Tutwiler Prison For Women,Alabama
40,Tutwiler Quarantine Intake Facility,Alabama
41,Ventress Correctional Facility,Alabama
42,Anchorage Ccc,Alaska
2170,Anvil Mountain Correctional Center,Alaska
2174,Fairbanks Correctional Center,Alaska
43,Goose Creek CC,Alaska
2168,Hiland Mountain Correctional Center,Alaska
2175,Ketchikan Correctional Center,Alaska
44,Lemon Creek CC Juneau,Alaska
2169,Mat-Su Pretrial,Alaska
2303,Other Non-Specified Facilities,Alaska
2176,Point Mackenzie Correctional Farm,Alaska
2166,Spring Creek Correctional Center,Alaska
45,Statewide,Alaska
2167,Wildwood Correctional Complex,Alaska
2177,Yukon Kuskokwim Correctional Center,Alaska
47,Central Arizona Correctional Facility,Arizona
51,Douglas State Prison,Arizona
52,Eyman State Prison,Arizona
53,Florence State Prison,Arizona
54,Florence West State Prison,Arizona
1788,ICE Cca Florence Correctional Center,Arizona
1801,ICE Eloy Federal Contract Facility,Arizona
1805,ICE Florence Service Processing Center,Arizona
2328,ICE Holiday Inn - Chandler,Arizona
1825,ICE La Palma Correctional Center,Arizona
1862,ICE San Luis Regional Detention Center,Arizona
55,Kingman State Prison,Arizona
56,Lewis State Prison,Arizona
57,Marana State Prison,Arizona
58,Maricopa County Jail,Arizona
59,Maricopa Reeentry Center,Arizona
60,Perryville State Prison,Arizona
2421,Phoenix Federal Correctional Institution,Arizona
62,Phoenix State Prison,Arizona
63,Phoenix West State Prison,Arizona
64,Pima Reentry Center,Arizona
65,Red Rock State Prison,Arizona
2427,Safford Federal Correctional Institution,Arizona
67,Safford State Prison,Arizona
68,Statewide,Arizona
2444,Tucson Federal Correctional Complex,Arizona
70,Tucson State Prison,Arizona
72,Winslow State Prison,Arizona
73,Yuma State Prison,Arizona
75,Cummins Unit Prison,Arkansas
2370,Forrest City Federal Correctional Complex,Arkansas
81,Statewide,Arkansas
1773,Adelanto ICE Processing Center,California
2078,Alameda County Staff,California
2340,Atwater United States Penitentiary,California
83,Avenal State Prison,California
88,California City Correctional Facility,California
89,California Correctional Center,California
90,California Correctional Institution,California
91,California Health Care Facility,California
92,California Institution For Men,California
93,California Institution For Women,California
94,California Medical Facility,California
95,California Mens Colony,California
96,California Rehabilitation Center,California
97,California State Prison Corcoran,California
98,California State Prison Los Angeles,California
99,California State Prison Sacramento,California
100,California State Prison San Quentin,California
101,California State Prison Solano,California
102,Calipatria State Prison,California
1722,Cdcr Cchcs Worksite Location Alameda County,California
103,Cdcr Cchcs Worksite Location Fresno County,California
1719,Cdcr Cchcs Worksite Location Humboldt County,California
104,Cdcr Cchcs Worksite Location Imperial County,California
105,Cdcr Cchcs Worksite Location Kern County,California
106,Cdcr Cchcs Worksite Location Mendocino County,California
1723,Cdcr Cchcs Worksite Location Merced County,California
107,Cdcr Cchcs Worksite Location Orange County,California
1720,Cdcr Cchcs Worksite Location San Francisco County,California
108,Cdcr Cchcs Worksite Location San Luis Obispo County,California
109,Cdcr Cchcs Worksite Location Santa Clara County,California
1721,Cdcr Cchcs Worksite Location Yolo County,California
110,Cdcr Cchcs Worksite Southern Region,California
111,Centinela State Prison,California
112,Central California Womens Facility,California
113,Chuckawalla Valley State Prison,California
115,Correctional Training Facility,California
116,Deuel Vocational Institution,California
2299,Division Of Juvenile Justice,California
2361,Dublin Federal Correctional Institution,California
120,Folsom State Prison,California
2079,Fresno County Staff,California
2381,Herlong Federal Correctional Institution,California
128,High Desert State Prison,California
2080,Humboldt County Staff,California
1811,ICE Golden State Annex Facility,California
1817,ICE Imperial Regional Detention Facility,California
1826,ICE La Staging,California
1836,ICE Mesa Verde Detention Facility,California
1846,ICE Otay Mesa Detention Center San Diego Cdf,California
1991,ICE Yuba County Jail,California
2081,Imperial County Staff,California
129,Ironwood State Prison,California
2082,Kern County Staff,California
131,Kern Valley State Prison,California
2390,Lompoc Federal Correctional Complex,California
2083,Los Angeles County Staff,California
134,Los Angeles County Worksite Location,California
135,Los Angeles Jails,California
2392,Los Angeles Metropolitan Detention Center,California
2084,Mendocino County Staff,California
2402,Mendota Federal Correctional Institution,California
2085,Merced County Staff,California
2086,Monterey County Staff,California
138,Monterey County Worksite Location,California
139,Mule Creek State Prison,California
140,Na Chaderjian Youth Correctional Facility,California
141,North Kern State Prison,California
142,Northern California Youth Correctional Center,California
143,Oh Close Youth Correctional Facility,California
144,Orange County Jails,California
2087,Orange County Staff,California
2300,Other Cchcs,California
2301,Other Cdcr,California
2302,Parole,California
145,Pelican Bay State Prison,California
146,Pine Grove Juvenile Prison Camp,California
147,Pleasant Valley State Prison,California
148,Richard A Mcgee Correctional Training Center,California
2088,Riverside County Staff,California
149,Riverside County Worksite Location,California
150,Rj Donovan Correctional Facility,California
1724,Sacramento County Jail,California
2089,Sacramento County Staff,California
151,Sacramento County Worksite Location,California
152,Salinas Valley State Prison,California
2090,San Bernardino County Staff,California
153,San Bernardino County Worksite Location,California
1725,San Diego County Jails,California
2091,San Diego County Staff,California
154,San Diego County Worksite Location,California
2428,San Diego Metropolitan Correctional Center,California
2075,San Francisco County Jail,California
2092,San Francisco County Staff,California
2093,San Joaquin County Staff,California
156,San Joaquin County Worksite Location,California
2094,San Luis Obispo County Staff,California
2095,San Mateo County Staff,California
2096,Santa Barbara County Staff,California
157,Santa Barbara County Worksite Location,California
2178,Santa Barbara Jails,California
1726,Santa Clara County Jail,California
2097,Santa Clara County Staff,California
1727,Santa Rita Jail,California
158,Sierra Conservation Center,California
2098,Solano County Staff,California
159,Solano County Worksite Location,California
2099,Stanislaus County Staff,California
160,Stanislaus County Worksite Location,California
1728,Statewide,California
2038,Statewide For Non-Specific Facilities,California
161,Substance Abuse Treatment Facility,California
2439,Terminal Island Federal Correctional Institution,California
2102,Tulare County Staff,California
163,Tulare Countyworksite Location,California
2030,Unspecified Facilities,California
164,Valley State Prison,California
165,Ventura,California
2100,Ventura County Staff,California
166,Ventura County Worksite Location,California
2445,Victorville Federal Correctional Complex,California
171,Wasco State Prison,California
2447,Western Regional Office,California
1879,Yolo County Jail,California
2101,Yolo County Staff,California
2029,Youthful Offender System,California
174,Arkansas Valley Correctional Facility,Colorado
175,Arrowhead Correctional Facility,Colorado
176,Bent County Correctional Facility,Colorado
177,Buena Vista Correctional Complex,Colorado
178,Centennial Correctional Facility,Colorado
2150,Centennial Correctional South Facility,Colorado
179,Colorado Correctional Center,Colorado
180,Colorado State Penitentiary,Colorado
181,Colorado Territorial Correctional Facility,Colorado
182,Crowley County Correctional Facility,Colorado
183,Delta Correctional Facility,Colorado
184,Denver Reception Diagnostic Center,Colorado
185,Denver Womens Correctional Facility,Colorado
2366,Englewood Federal Correctional Institution,Colorado
2369,Florence Federal Correctional Complex,Colorado
190,Four Mile Correctional Facility,Colorado
191,Fremont Correctional Facility,Colorado
1776,ICE Denver Contract Detention Facility,Colorado
192,La Vista Correctional Facility,Colorado
193,Limon Correctional Facility,Colorado
2393,Management And Specialty Training Center,Colorado
194,Rifle Correctional Center,Colorado
195,San Carlos Correctional Facility,Colorado
196,Skyline Correctional Center,Colorado
197,Statewide,Colorado
2037,Statewide For Non-Specific Facilities,Colorado
198,Sterling Correctional Facility,Colorado
199,Trinidad Correctional Facility,Colorado
200,Youthful Offender System,Colorado
201,Bridgeport Correctional Center,Connecticut
202,Brooklyn Correctional Institution,Connecticut
203,Carl Robinson Correctional Institution,Connecticut
204,Cheshire Correctional Institution,Connecticut
206,Corrigan Radgowski Correctional Center,Connecticut
2359,Danbury Federal Correctional Institution,Connecticut
209,Garner Correctional Institution,Connecticut
210,Hartford Correctional Center,Connecticut
212,Macdougall Walker Correctional Institution,Connecticut
2186,Macdougall Walker Correctional Institution Infirmary,Connecticut
213,Manson Youth Correctional Center,Connecticut
214,New Haven Correctional Center,Connecticut
215,Northern CI Infirmiry,Connecticut
216,Northern Correctional Institution,Connecticut
217,Osborn Correctional Institution,Connecticut
218,Statewide,Connecticut
220,Willard Cybulski Correctional Institution,Connecticut
221,York Correctional Institution,Connecticut
1729,Community Corrections Treatment Center,Delaware
222,Delores J Baylor Womans Correctional Institution,Delaware
1730,Hazel D Plant Womans Treatment Facility,Delaware
226,Howard R Young Correctional Institution,Delaware
1992,ICE Howard R Young Correctional Institution,Delaware
227,James T Vaughn Correctional Center,Delaware
228,Morris Community Corrections Center,Delaware
231,Plummer Community Corrections Center,Delaware
234,Statewide,Delaware
236,Sussex Community Corrections Center,Delaware
237,Sussex Correctional Institution,Delaware
2355,Central Office Headquarters,District of Columbia
239,County Wide,District of Columbia
240,Apalachee Correctional Institution,Florida
241,Avon Park Correctional Institution,Florida
242,Baker Correctional Institution,Florida
243,Bay CF,Florida
244,Blackwater CF,Florida
246,Calhoun Correctional Institution,Florida
247,Central Florida Reception Center,Florida
248,Central Office,Florida
249,Century Correctional Institution,Florida
250,Charlotte Correctional Institution,Florida
2357,Coleman Federal Correctional Complex,Florida
255,Columbia Correctional Institution,Florida
256,Community Corrections Region 1,Florida
257,Community Corrections Region 2,Florida
258,Community Corrections Region 3,Florida
259,Community Corrections Region 4,Florida
260,Cross City CI,Florida
261,Dade Correctional Institution,Florida
262,Desoto Annex,Florida
265,Everglades Correctional Institution,Florida
266,Florida State Prison,Florida
267,Florida Womens Reception Center,Florida
268,Franklin Correctional Institution,Florida
269,Gadsden CF,Florida
270,Gadsden Reentry Center,Florida
271,Graceville CF,Florida
272,Gulf Correctional Institution,Florida
273,Hamilton Correctional Institution,Florida
274,Hardee Correctional Institution,Florida
275,Hernando Correctional Institution,Florida
277,Holmes Correctional Institution,Florida
278,Homestead Correctional Institution,Florida
1777,ICE Baker County Sheriffs Office,Florida
1781,ICE Broward Transitional Center,Florida
1810,ICE Glades County Detention Center,Florida
1824,ICE Krome North Service Processing Center,Florida
1828,ICE Larkin Behavioral Health Center,Florida
1834,ICE Local Hospital Miami Fl,Florida
1871,ICE Wakulla County Jail,Florida
279,Jackson Correctional Institution,Florida
281,Jefferson Correctional Institution,Florida
283,Lake City CF,Florida
284,Lake Correctional Institution,Florida
285,Lancaster Correctional Institution,Florida
286,Lawtey Correctional Institution,Florida
287,Liberty Correctional Institution,Florida
288,Lowell Correctional Institution,Florida
289,Madison Correctional Institution,Florida
2395,Marianna Federal Correctional Institution,Florida
291,Marion Correctional Institution,Florida
292,Martin Correctional Institution,Florida
293,Mayo Annex,Florida
2403,Miami Federal Correctional Institution,Florida
2404,Miami Federal Detention Center,Florida
296,Moore Haven CF,Florida
297,New River Correctional Institution,Florida
298,Northwest Florida Reception Center,Florida
299,Okaloosa Correctional Institution,Florida
300,Okeechobee Correctional Institution,Florida
2418,Pensacola Federal Prison Camp,Florida
302,Polk Correctional Institution,Florida
303,Putnam Correctional Institution,Florida
304,Reception Medical Center,Florida
308,Santa Rosa CI,Florida
309,South Bay CF,Florida
311,South Florida Reception Center,Florida
312,St Lucie County Jail,Florida
313,Statewide,Florida
314,Sumter Correctional Institution,Florida
315,Suwannee Correctional Institution,Florida
2438,Tallahassee Federal Correctional Institution,Florida
317,Taylor Correctional Institution,Florida
318,Tomoka Correctional Institution,Florida
319,Union Correctional Institution,Florida
320,Wakulla Correctional Institution,Florida
321,Walton Correctional Institution,Florida
322,Zephyrhills Correctional Institution,Florida
2239,Aaron Cohn Regional Youth Detention Center,Georgia
323,Appling Integrated Treatment Facility,Georgia
324,Atlanta Transitional Center,Georgia
2339,Atlanta United States Penitentiary,Georgia
2258,Atlanta Youth Development Campus,Georgia
2240,Augusta Regional Youth Detention Center,Georgia
326,Augusta State Medical Prison,Georgia
327,Augusta Transitional Center,Georgia
2259,Augusta Youth Development Campus,Georgia
328,Autry State Prison,Georgia
329,Bacon Probation Detention Center,Georgia
330,Bainbridge Probation Substance Abuse Treatment,Georgia
332,Baldwin State Prison,Georgia
333,Bleckley Probation Substance Abuse Treatment Center,Georgia
2241,Bob Richards Regional Youth Detention Center,Georgia
334,Bulloch County Correctional Institution,Georgia
335,Burruss Correctional Training Center,Georgia
2242,Cadwell Regional Youth Detention Center,Georgia
336,Calhoun State Prison,Georgia
337,Carroll County Correctional Institution,Georgia
2266,Central Office Youth,Georgia
2313,Central State Hospital - Milledgeville,Georgia
338,Central State Prison,Georgia
339,Clarke County Correctional Institution,Georgia
2243,Claxton Regional Youth Detention Center,Georgia
340,Clayton County Correctional Institution,Georgia
341,Clayton Transitional Center,Georgia
342,Coastal State Prison,Georgia
343,Coffee Correctional Facility,Georgia
344,Colquitt County Correctional Institution,Georgia
345,Columbus Transitional Center,Georgia
346,Colwell Probation Detention Center,Georgia
2265,Community Service Youth,Georgia
347,Coweta County Correctional Institution,Georgia
2244,Crisp Regional Youth Detention Center,Georgia
2451,D Ray James Correctional Facility,Georgia
350,Decatur County Correctional Institution,Georgia
2245,Dekalb Regional Youth Detention Center,Georgia
351,Dodge State Prison,Georgia
352,Dooly State Prison,Georgia
2314,East Central Regional Hospital - Augusta,Georgia
2260,Eastman Youth Development Campus,Georgia
353,Effingham County Correctional Institution,Georgia
2246,Elbert Shaw Regional Youth Detention Center,Georgia
354,Emanuel Probation Detention Center,Georgia
355,Emanuel Womens Facility,Georgia
356,Floyd County Correctional Institution,Georgia
1806,Folkston ICE Processing Center D Ray James,Georgia
2247,Gainesville Regional Youth Detention Center,Georgia
357,Georgia Diagnostic And Classification Prison,Georgia
358,Georgia Diagnostic And Classification Prison Special Management Unit,Georgia
2315,Georgia Regional Hospital - Atlanta,Georgia
2316,Georgia Regional Hospital - Savannah,Georgia
359,Georgia State Prison,Georgia
2375,Glynco Training Center,Georgia
360,Gwinnett County Correctional Institution,Georgia
361,Hall County Correctional Institution,Georgia
362,Hancock State Prison,Georgia
363,Harris County Correctional Institution,Georgia
364,Hays State Prison,Georgia
365,Helms Facility,Georgia
366,Hudson Transitional Center,Georgia
2457,ICE Folkston Annex Ihsc,Georgia
1818,ICE Irwin County Detention Center,Georgia
1858,ICE Robert A Deyton Detention Facility,Georgia
1867,ICE Stewart Detention Center,Georgia
367,Jackson County Correctional Institution,Georgia
368,Jefferson County Correctional Institution,Georgia
369,Jenkins Correctional Center,Georgia
2384,Jesup Federal Correctional Institution,Georgia
370,Johnson State Prison,Georgia
371,Lee Arrendale State Prison,Georgia
372,Lee Arrendale Transitional Center,Georgia
373,Lee State Prison,Georgia
2248,Loftiss Regional Youth Detention Center,Georgia
374,Long Unit,Georgia
2249,Macon Regional Youth Detention Center,Georgia
375,Macon State Prison,Georgia
376,Macon Transitional Center,Georgia
2261,Macon Youth Development Campus,Georgia
2250,Marietta Regional Youth Detention Center,Georgia
2251,Martha Glaze Regional Youth Detention Center,Georgia
377,Mcever PDC,Georgia
2400,Mcrae Correctional Institution,Georgia
379,Metro Reentry Facility,Georgia
2252,Metro Regional Youth Detention Center,Georgia
380,Metro Transitional Center,Georgia
2262,Milledgeville Youth Development Campus,Georgia
381,Mitchell County Correctional Institution,Georgia
382,Montgomery State Prison,Georgia
383,Muscogee County Correctional Institution,Georgia
2263,Muscogee Youth Development Campus,Georgia
2267,Non-Specified Youth Sites,Georgia
384,Northwest Residential Substance Abuse Treatment,Georgia
385,Patten Probation Detention Center,Georgia
386,Paulding Residential Substance Abuse Treatment,Georgia
387,Phillips State Prison,Georgia
388,Phillips Transitional Center,Georgia
389,Pulaski State Prison,Georgia
390,Richmond County Correctional Institution,Georgia
391,Riverbend Correctional Facility,Georgia
2253,Rockdale Regional Youth Detention Center,Georgia
392,Rogers State Prison,Georgia
393,Rutledge State Prison,Georgia
2254,Savannah Regional Youth Detention Center,Georgia
394,Screven County Correctional Institution,Georgia
395,Smith State Prison,Georgia
396,Smith Transitional Center,Georgia
2435,Southeast Regional Office,Georgia
398,Spalding County Correctional Institution,Georgia
399,Sumter County Correctional Institution,Georgia
2264,Sumter Youth Development Campus,Georgia
400,Telfair State Prison,Georgia
401,Terrell County Correctional Institution,Georgia
2255,Terrell Regional Youth Detention Center,Georgia
402,Treutlen Probation Detention Center,Georgia
403,Turner Residential Substance Abuse Treatment,Georgia
404,Valdosta State Prison,Georgia
405,Valdosta Transitional Center,Georgia
406,Walker State Prison,Georgia
407,Ware State Prison,Georgia
408,Washington State Prison,Georgia
2256,Waycross Regional Youth Detention Center,Georgia
2317,West Central Georgia Regional Hospital - Columbus,Georgia
409,West Central Integrated Treatment Facility,Georgia
410,Wheeler Correctional Facility,Georgia
411,Whitworth Womens Facility,Georgia
412,Wilcox State Prison,Georgia
2257,Wilkes Regional Youth Detention Center,Georgia
413,Womens Probation Detention Center,Georgia
2151,Administrative Division,Hawaii
414,Halawa Correctional Facility,Hawaii
415,Hawaii Community Correctional Center,Hawaii
2382,Honolulu Federal Detention Center,Hawaii
417,Kauai Community Correctional Center,Hawaii
418,Kulani Correctional Facility,Hawaii
419,Maui Community Correctional Center,Hawaii
420,Mcco,Hawaii
2152,Narcotics Enforcement Division,Hawaii
422,Ohau Community Correctional Center,Hawaii
423,Saguaro Correctional Center,Hawaii
2153,Sheriff Division,Hawaii
425,Waiawa Correctional Facility,Hawaii
426,Womens Community Correctional Center,Hawaii
427,Capp,Idaho
428,Central Office,Idaho
429,District 1,Idaho
1731,District 2,Idaho
430,District 3,Idaho
431,District 4,Idaho
432,District 5,Idaho
1732,District 6,Idaho
1733,District 7,Idaho
434,East Boise Community Reentry Center,Idaho
435,Idaho Correctional Institution Orofino,Idaho
436,Idaho Falls Community Reentry Center,Idaho
437,Idaho Maximum Security Instiution,Idaho
438,Idaho State Correctional Center,Idaho
439,Idaho State Correctional Institution,Idaho
1734,Nampa Community Reentry Center,Idaho
441,North Idaho Corrrectional Instiution,Idaho
442,Pocatello Womens Correctional Center,Idaho
443,Saint Anthony Work Camp,Idaho
444,South Boise Womens Correctional Center,Idaho
445,South Idaho Correctional Instiution,Idaho
446,Statewide,Idaho
447,Treasure Valley Community Reentry Center,Idaho
1735,Twin Falls Community Reentry Center,Idaho
2318,Alton Mental Health Center,Illinois
449,Big Muddy River Correctional Center,Illinois
451,Centralia Correctional Center,Illinois
2319,Chester Mental Health Center,Illinois
2356,Chicago Metropolitan Correctional Center,Illinois
2323,Chicago Read Mental Health Center,Illinois
454,Cook County Jail,Illinois
455,Crossroads Adult Transition Center,Illinois
456,Danville Correctional Center,Illinois
457,Decatur Correctional Center,Illinois
458,Dixon Correctional Institute,Illinois
459,East Moline Correctional Center,Illinois
2320,Elgin Mental Health Center,Illinois
460,Elgin Treatment Center,Illinois
461,Fox Valley Adult Transition Center,Illinois
462,General Office,Illinois
463,Graham Correctional Center,Illinois
2378,Greenville Federal Correctional Institution,Illinois
465,Hill Correctional Center,Illinois
1993,ICE Kankakee County Detention Center,Illinois
1835,ICE Mchenry County Correctional Facility,Illinois
1854,ICE Pulaski County Jail,Illinois
466,Illinois River Correctional Center,Illinois
2285,Illinois Youth Center Chicago,Illinois
2286,Illinois Youth Center Harrisburg,Illinois
2287,Illinois Youth Center Pere Marquette,Illinois
2288,Illinois Youth Center St Charles,Illinois
2289,Illinois Youth Center Warrenville,Illinois
467,Jacksonville Correctional Center,Illinois
468,Joliet Treatment Center,Illinois
469,Kewanee Life Skills Reentry Center,Illinois
470,Lawrence Correctional Center,Illinois
471,Lincoln Correctional Center,Illinois
472,Logan Correctional Center,Illinois
2321,Madden Mental Health Center,Illinois
2396,Marion United States Penitentiary,Illinois
2322,Mcfarland Mental Health Center,Illinois
474,Menard Correctional Center,Illinois
476,Murphysboro Correctional Center,Illinois
477,North Lawndale Adult Transition Center,Illinois
478,Parole,Illinois
2417,Pekin Federal Correctional Institution,Illinois
480,Peoria Adult Transition Center,Illinois
481,Pinckneyville Correctional Center,Illinois
2154,Pittsfield Work Camp,Illinois
482,Pontiac Correctional Center,Illinois
483,Robinson Correctional Center,Illinois
2324,Rushville Treatment And Detention Facility,Illinois
485,Shawnee Correctional Center,Illinois
486,Sheridan Correctional Center,Illinois
487,Southwestern Illinois Correctional Center,Illinois
488,Stateville Correctional Center,Illinois
489,Stateville Northern Reception And Classification Center,Illinois
490,Taylorville Correctional Center,Illinois
2442,Thomson United States Penitentiary,Illinois
492,Vandalia Correctional Center,Illinois
493,Vienna Correctional Center,Illinois
494,Western Illinois Correctional Center,Illinois
495,Branchville Correctional Facility,Indiana
497,Central Office,Indiana
498,Chain Olakes Correctional Facility,Indiana
500,Correctional Industrial Facility,Indiana
501,Edinburgh Correctional Facility,Indiana
502,Heritage Trail Correctional Facility,Indiana
1792,ICE Clay County Jail,Indiana
503,Indiana State Prison,Indiana
504,Indiana Womens Prison,Indiana
505,Laporte Juvenile Correctional Facility,Indiana
506,Logansport Intake Lcu,Indiana
507,Logansport Juvenile Correctional Facility,Indiana
508,Madison Correctional Facility,Indiana
509,Miami Correctional Facility,Indiana
510,New Castle Correctional Facility,Indiana
511,Pendleton Correctional Facility,Indiana
512,Pendleton Juvenile Correctional Facility,Indiana
513,Plainfield Correctional Facility,Indiana
514,Plainfield Correctional Facility Hendricks County,Indiana
515,Putnamville Correctional Facility,Indiana
516,Reception And Diagnostic Center,Indiana
517,Rockville Correctional Facility,Indiana
518,South Bend Community Sbcrc,Indiana
519,South Bend Reentry Center,Indiana
520,Statewide,Indiana
2039,Statewide For Non-Specific Facilities,Indiana
2440,Terre Haute Federal Correctional Complex,Indiana
524,Wabash Valley Correctional Facility,Indiana
525,Westville Correctional Facility,Indiana
526,Anamosa State Penitentiary,Iowa
527,Clarinda Correctional Facility,Iowa
528,Fort Dodge Correctional Facility,Iowa
1982,ICE Hardin County Jail,Iowa
1833,ICE Linn County Jail,Iowa
1851,ICE Polk County Jail,Iowa
2294,ICE Pottawattamie County Jail,Iowa
2179,ICE Pottawattamie County Jail,Iowa
529,Iowa Correctional Instiution For Women,Iowa
530,Iowa Medical And Classification Center,Iowa
531,Iowa State Penitentiary,Iowa
532,Mt Pleasant Correctional Facility,Iowa
533,Newton Correctional Facility,Iowa
534,North Central,Iowa
535,Polk County Jail,Iowa
536,Statewide,Iowa
538,El Dorado Correctional Facility,Kansas
539,Ellsworth Correctional Facility,Kansas
541,Hutchinson Correctional Facility,Kansas
1790,ICE Chase County Detention Facility,Kansas
542,Kansas Juvenile Correctional Complex,Kansas
543,Lansing Correctional Facility,Kansas
544,Larned Correctional Facility,Kansas
2386,Leavenworth United States Penitentiary,Kansas
2410,North Central Regional Office,Kansas
546,Norton Correctional Facility,Kansas
547,Statewide,Kansas
549,Topeka Correctional Facility,Kansas
550,Wichita Work Release,Kansas
551,Winfield Correctional Facility,Kansas
2338,Ashland Federal Correctional Institution,Kentucky
553,Bell County Forestry Camp,Kentucky
2346,Big Sandy United States Penitentiary,Kentucky
555,Blackburn Correctional Complex,Kentucky
558,Eastern Kentucky Correctional Complex,Kentucky
559,Green River Correctional Complex,Kentucky
2329,ICE Boone County Jail,Kentucky
560,Kentucky Correctional Institution For Women,Kentucky
561,Kentucky State Penitentiary,Kentucky
562,Kentucky State Reformatory,Kentucky
563,Lee Adjustment Center,Kentucky
2389,Lexington Federal Medical Center,Kentucky
565,Little Sandy Correctional Complex,Kentucky
566,Luther Luckett Correctional Complex,Kentucky
2394,Manchester Federal Correctional Institution,Kentucky
2397,Mccreary United States Penitentiary,Kentucky
569,Northpoint Training Center,Kentucky
570,Roederer Correctional Complex,Kentucky
1736,Southeast State Correctional Complex,Kentucky
571,Statewide,Kentucky
2040,Statewide For Non-Specific Facilities,Kentucky
572,Western Kentucky Correctional Complex,Kentucky
2290,Acadiana Center For Youth,Louisiana
573,Allen Correctional Center,Louisiana
2291,Bridge City Center For Youth,Louisiana
574,David Wade Correctional Center,Louisiana
575,Dixon Correctional Institute,Louisiana
576,Elayn Hunt Correctional Center,Louisiana
1774,ICE Alexandria Staging Facility,Louisiana
1775,ICE Allen Parish Public Safety Complex,Louisiana
1787,ICE Catahoula Correctional Center,Louisiana
1857,ICE Concordia Parish C C,Louisiana
1819,ICE Jackson Parish Correctional Center,Louisiana
1830,ICE Jenalasalle Detention Facility,Louisiana
1829,ICE Lasalle Corr Ctr Olla,Louisiana
1850,ICE Pine Prairie Correctional Center,Louisiana
1855,ICE Richwood Correctional Center,Louisiana
1864,ICE South Louisiana Detention Center,Louisiana
1874,ICE Winn Correctional Center,Louisiana
577,Louisiana Correctional Institute For Women,Louisiana
578,Louisiana Correctional Institute For Women Hunt,Louisiana
579,Louisiana Correctional Institute For Women Jetson,Louisiana
580,Louisiana State Penitentiary,Louisiana
2413,Oakdale Federal Correctional Complex,Louisiana
583,Orleans Parish Jails,Louisiana
2422,Pollock Federal Correctional Complex,Louisiana
586,Rayburn Correctional Center,Louisiana
587,Raymond Laborde Correctional Center,Louisiana
589,Statewide,Louisiana
2292,Swanson Center For Youth At Columbia,Louisiana
2293,Swanson Center For Youth At Monroe,Louisiana
591,Bolduc Correctional Facility,Maine
1795,ICE Cumberland County Jail,Maine
1737,Long Creek Youth Development Center,Maine
1968,Maine Correctional Center - Men,Maine
1969,Maine Correctional Center - Women,Maine
592,Maine Correctional Center MCC,Maine
593,Maine Correctional Womens Center,Maine
594,Maine State Prison,Maine
595,Mountain View Correctional Facility,Maine
1738,Statewide,Maine
597,Statewide Adult,Maine
598,Statewide Juvenile,Maine
2236,Alfred D Noyes Childrens Center,Maryland
2225,Backbone Mountain Youth Center,Maryland
599,Baltimore Central Booking Intake Center,Maryland
600,Baltimore City Correctional Center,Maryland
2231,Baltimore City Juvenile Justice Center,Maryland
601,Baltimore Pre Release Facility Jessup,Maryland
2233,Charles H Hickey Jr School,Maryland
2232,Cheltenham Youth Detention Center,Maryland
602,Chesapeake Detention Facility,Maryland
603,Cmcf Central Maryland CF,Maryland
2358,Cumberland Federal Correctional Institution,Maryland
605,Dorsey Run Correctional Facility,Maryland
607,Eastern CI Annex,Maryland
608,Eastern Correctional Institution,Maryland
609,Eastern Prerelease Unit,Maryland
2227,Garrett Childrens Center,Maryland
2228,Green Ridge Youth Center,Maryland
1983,ICE Howard County Detention Center,Maryland
1875,ICE Worcester County Jail,Maryland
2235,J Deweese Carter Youth Facility,Maryland
611,Jessup Correctional Institution,Maryland
2234,Lower Eastern Shore Childrens Center,Maryland
2185,Maryland Correctional Institution - Jessup,Maryland
613,Maryland Correctional Institution For Women,Maryland
614,Maryland Correctional Institution Hagerstown,Maryland
615,Maryland Correctional Training Center Hagerstown,Maryland
616,Maryland Reception Diagnostics And Classiciation Center,Maryland
2229,Meadow Mountain Youth Center,Maryland
617,Metropolitan Transition Center Baltimore,Maryland
2405,Mid-Atlantic Regional Office,Maryland
2226,Mountain View Youth Facility,Maryland
619,Non Residential Location,Maryland
2182,North Branch Correctional Institution,Maryland
620,Patuxent Institution,Maryland
621,Roxbury Correctional Institution,Maryland
624,Southern Maryland Prerelease Unit,Maryland
625,Statewide,Maryland
2041,Statewide For Non-Specific Facilities,Maryland
2237,Thomas Js Waxter Childrens Center,Maryland
2230,Victor Cullen Center,Maryland
627,Western Correctional Institution,Maryland
2238,Western Maryland Childrens Center,Maryland
628,Youth Detention Center,Maryland
629,Boston Prerelease Center,Massachusetts
630,Bridgewater State Hospital,Massachusetts
2360,Devens Federal Medical Center,Massachusetts
1780,ICE Bristol County Detention Center,Massachusetts
1807,ICE Franklin County House Of Correction,Massachusetts
1988,ICE Plymouth County Correctional Facility,Massachusetts
634,Lemuel Shattuck Hospital,Massachusetts
635,Massachusetts Alcohol And Substance Abuse Center,Massachusetts
636,Massachusetts Correctional Institution Concord,Massachusetts
637,Massachusetts Correctional Institution Framingham,Massachusetts
638,Massachusetts Correctional Institution Norfolk,Massachusetts
639,Massachusetts Correctional Institution Shirley,Massachusetts
640,Massachusetts Correctional Instiution Cedar Junction,Massachusetts
641,Massachusetts Treatment Center,Massachusetts
642,Non Facility,Massachusetts
643,North Central Correctional Institution,Massachusetts
644,Northeastern Correctional Center,Massachusetts
645,Old Colony Correctional Center,Massachusetts
646,Pondville Correctional Center,Massachusetts
647,South Middlesex Correctional Center,Massachusetts
648,Souza Baranowski Correctional Center,Massachusetts
649,Statewide,Massachusetts
2042,Statewide For Non-Specific Facilities,Massachusetts
650,Alger Correctional Facility,Michigan
651,Baraga Correctional Facility,Michigan
652,Bellamy Creek Correctional Facility,Michigan
653,Carson City Correctional Facility,Michigan
654,Central Michigan Correctional Facility,Michigan
655,Central Office,Michigan
656,Charles E Egeler Reception And Guidance Center,Michigan
659,Chippewa Correctional Facility,Michigan
661,Cooper Street Correctional Facility,Michigan
662,Detroit Detention Center,Michigan
663,Detroit Reentry Center,Michigan
664,Duane Waters Health Center,Michigan
665,Earnest C Brooks Correctional Facility,Michigan
1739,Electronic Monitoring Center,Michigan
666,Field Operations Administration Metro,Michigan
667,Field Operations Administration Outstate,Michigan
668,G Robert Cotton Correctional Facility,Michigan
669,Gus Harrison Correctional Facility,Michigan
1784,ICE Calhoun County Correctional Center,Michigan
2295,ICE Monroe County Detention,Michigan
2180,ICE Monroe County Detention,Michigan
1837,ICE Monroe County Detention-Dorm,Michigan
1860,ICE Saint Clair County Jail,Michigan
671,Ionia Correctional Facilty,Michigan
1740,Ionia Regional Warehouse,Michigan
1741,Jackson Regional Office,Michigan
672,Jackson Regional Warehouse,Michigan
1742,Jackson Training Center,Michigan
673,Kinross Correctional Facility,Michigan
1743,Kinross Regional Office,Michigan
674,Lakeland Correctional Facility,Michigan
675,Macomb Correctional Facility,Michigan
676,Marquette Branch Prison,Michigan
677,Michigan Reformatory,Michigan
2406,Milan Federal Correctional Institution,Michigan
679,Muskegon Correctional Facility,Michigan
680,Newberry Correctional Facility,Michigan
2411,North Lake Correctional Institution,Michigan
2455,Northern Region Training,Michigan
682,Oaks Correctional Facility,Michigan
683,Parnall Correctional Facility,Michigan
684,Richard A Handlon Correctional Facility,Michigan
685,Saginaw Correctional Facility,Michigan
1744,Southern Region Academy,Michigan
686,St Louis Correctional Facility,Michigan
687,Statewide,Michigan
2043,Statewide For Non-Specific Facilities,Michigan
688,Thumb Correctional Facility,Michigan
689,Womens Huron Valley Correctional Facility,Michigan
690,Woodland Center Correctional Facility,Michigan
1745,Central Office,Minnesota
691,Central Office Minncor,Minnesota
2298,Central Transportation Unit,Minnesota
2362,Duluth Federal Prison Camp,Minnesota
693,Faribault Correctional Facility,Minnesota
694,Field Services,Minnesota
695,Hennepin County Jail,Minnesota
1808,ICE Freeborn County Adult Detention Center,Minnesota
1984,ICE Kandiyoh County Jail,Minnesota
1986,ICE Nobles County Jail,Minnesota
1863,ICE Sherburne County Jail,Minnesota
696,Lino Lakes Correctional Facility,Minnesota
700,Moose Lake Correctional Facility,Minnesota
701,Oak Park Heights Correctional Facility,Minnesota
2297,Other Non-Doc Facilities,Minnesota
702,Red Wing Correctional Facility,Minnesota
2426,Rochester Federal Medical Center,Minnesota
1746,Roseville Minncor,Minnesota
704,Rush Correctional Facility,Minnesota
705,Saint Cloud Correctional Facility,Minnesota
2429,Sandstone Federal Correctional Institution,Minnesota
707,Shakopee Correctional Facility,Minnesota
708,Statewide,Minnesota
709,Stillwater Correctional Facility,Minnesota
710,Togo Correctional Facility,Minnesota
2446,Waseca Federal Correctional Institution,Minnesota
714,Willow River Correctional Facility,Minnesota
715,Alcorn County Correctional Facility,Mississippi
716,Bolivar County Correctional Facility,Mississippi
717,Carroll Montgomery County Correctional Facility,Mississippi
718,Central Mississippi Correctional Facility,Mississippi
719,Chickasaw County Correctional Facility,Mississippi
720,Delta Correctional Facility,Mississippi
722,East Mississippi Correctional Facility Meridian,Mississippi
723,George County Correctional Facility,Mississippi
724,Holmes Humphreys County Correctional Facility,Mississippi
1772,ICE Adams County Detention Center,Mississippi
1812,ICE Hancock County Jail,Mississippi
725,Issaquena County Correctional Facility,Mississippi
726,Jefferson Franklin County Correctional Facility,Mississippi
727,Kemper Neshoba County Correctional Facility,Mississippi
728,Leake County Correctional Facility,Mississippi
729,Marion Walthall County Correctional Facility,Mississippi
730,Marshall County Correctional Facility Holly Springs,Mississippi
731,Mississippi State Penitentiary Parchman,Mississippi
732,Private Institutions,Mississippi
734,South Mississippi Correctional Institution Leakesville,Mississippi
736,Statewide,Mississippi
2044,Statewide For Non-Specific Facilities,Mississippi
737,Stone County Correctional Facility,Mississippi
738,Tallahatchie County Correctional Facility,Mississippi
739,Washington County Correctional Facility,Mississippi
740,Wilkinson County Correctional Facility,Mississippi
741,Winston Choctaw County Correctional Facility,Mississippi
2450,Yazoo City Federal Correctional Complex,Mississippi
1747,Yazoo County Correctional Facility,Mississippi
742,Algoa Correctional Center,Missouri
743,Bonne Terre Eastern Reception Diagnostics Correctional Center,Missouri
744,Boonville Correctional Center,Missouri
745,Bowling Green Necc,Missouri
746,Brookfield,Missouri
2206,Camp Avery Park Youth Camp,Missouri
1748,Ccc Chillicothe,Missouri
2207,Community Learning Center Youth,Missouri
2208,Cornerstone Group Youth Home,Missouri
2209,Datema Youth House,Missouri
749,Farmington Correctional Center,Missouri
750,Fordland Occ,Missouri
751,Fulton Ctcc,Missouri
752,Fulton Reception And Diagnostic Center,Missouri
2210,Fulton Youth Treatment Center,Missouri
2211,Gentry Residential Youth Treatment Center,Missouri
2212,Girardot Youth Center,Missouri
2213,Hillsboro Youth Treatment Center,Missouri
2214,Hogan Street Youth Center,Missouri
1832,ICE Lincoln County Detention Center,Missouri
1838,ICE Montgomery County Jail,Missouri
1841,ICE Morgan County Adult Detention Center,Missouri
753,Jccc Jefferson City,Missouri
754,Kansas City Reentry Center,Missouri
755,Maryville Treatment Center,Missouri
756,Missouri Eastern Correctional Center,Missouri
2215,Missouri Hills Youth Center,Missouri
757,Moberly Correctional Center,Missouri
2216,Montgomery City Youth Center,Missouri
2217,Mount Vernon Youth Treatment Center,Missouri
2218,Northwest Regional Youth Center,Missouri
759,Ozark Correctional Center,Missouri
760,Potosi Correctional Center,Missouri
2219,Riverbend Youth Treatment Center,Missouri
2220,Sears Youth Center,Missouri
2221,Sierra Osage Youth Treatment Center,Missouri
762,South Central Correctional Center,Missouri
763,Southeast Correctional Center,Missouri
2436,Springfield Medical Center For Federal Prisoners,Missouri
767,Statewide,Missouri
768,Tipton Correctional Center,Missouri
769,Transitional Center Of St Louis,Missouri
2456,Unspecified Facilities,Missouri
770,Warrensburg,Missouri
2222,Watkins Mill Park Youth Camp,Missouri
2223,Waverly Youth Center,Missouri
771,Western Missouri Correctional Center,Missouri
772,Western Reception Diagnostic And Correctional Center,Missouri
773,Western Reception Diagnostic Correctional Center,Missouri
2224,Wilson Creek Youth,Missouri
774,Womens Eastern Reception Diagnostic And Correctional Center,Missouri
776,Alpha House Billings,Montana
778,Crossroads Correctional Center,Montana
779,Dawson County Correctional Facility,Montana
780,East Butte Connections Corrections Program,Montana
782,Gallatin Reentry Program Bozeman,Montana
783,Great Falls Regional Prison,Montana
784,Great Falls Transition Center,Montana
2156,Missoula Prerelease Center,Montana
789,Montana State Prison,Montana
790,Montana Womens Prison,Montana
791,Nexus Treatment Program Lewistown,Montana
792,Passages Billings,Montana
793,Pine Hills Correctional Facility,Montana
794,Riverside Special Needs Unit,Montana
795,Start Assessment Center Anaconda,Montana
796,Statewide,Montana
798,West And Watch West Warm Springs Connections Corrections Program,Montana
2157,Community Corrections Center Lincoln,Nebraska
800,Community Corrections Center Omaha,Nebraska
801,Dec Diagnostic And Evaluation Center,Nebraska
1796,ICE Douglas County,Nebraska
1995,ICE Hall County Sheriff,Nebraska
1848,ICE Phelps County Jail,Nebraska
803,Lcc,Nebraska
2158,Nebraska Correctional Center For Women,Nebraska
2159,Nebraska Correctional Youth Facility,Nebraska
804,Nebraska State Penitentiary,Nebraska
805,Occ Fordland,Nebraska
2160,Omaha Correctional Center,Nebraska
806,Phelps County Corrections,Nebraska
807,Statewide,Nebraska
808,Tecumseh State Correctional Institution,Nebraska
2161,Work Ethic Camp,Nebraska
1749,Carlin Conservation Camp,Nevada
809,Casa Grande Prison,Nevada
2162,Casa Grande Transitional Housing,Nevada
811,Ely State Prison,Nevada
812,Florence Mcclure Womens Correctional Center,Nevada
814,High Desert State Prison Indian Valley,Nevada
1750,Humboldt Conservation Camp,Nevada
1813,ICE Henderson Detention Center,Nevada
1843,ICE Nevada Southern Detention Center,Nevada
1845,ICE Nye County Detention Center Southern Pahrump,Nevada
815,Indian Springs Southern Training Center,Nevada
1751,Jean Conservation Camp,Nevada
816,Lovelock Correctional Center,Nevada
817,Northern Nevada Correctional Center,Nevada
2076,Northern Nevada Transitional Housing,Nevada
818,Pioche Conservation Camp,Nevada
819,Southern Desert Correctional Center,Nevada
2163,Southern Training Academy,Nevada
820,Statewide,Nevada
2045,Statewide For Non-Specific Facilities,Nevada
2164,Stewart Conservation Camp,Nevada
2077,Three Lakes Valley Conservation Camp,Nevada
822,Tonopah Conservation Camp,Nevada
1752,Warm Springs Correctional Center,Nevada
1753,Wells Conservation Camp,Nevada
823,All Other Staff Worksites,New Hampshire
2345,Berlin Federal Correctional Institution,New Hampshire
825,Correctional Facility For Women,New Hampshire
826,Field Services,New Hampshire
1868,ICE Strafford County Corrections,New Hampshire
828,Northern New Hampshire Correctional Facility,New Hampshire
830,Secure Psychiatric Unit And Residential Treatment Unit,New Hampshire
831,State Prison For Men,New Hampshire
832,Statewide,New Hampshire
2046,Statewide For Non-Specific Facilities,New Hampshire
833,Transitional Work Centers And Transitional Housing Units,New Hampshire
835,Adult Diagnostic And Treatment Center,New Jersey
836,Bayside State Prison,New Jersey
837,Bo Robinson Assessment And Treatment,New Jersey
838,Central Office Headquarters,New Jersey
839,Central Reception And Assignment Facility,New Jersey
840,Clinton House,New Jersey
841,Columbus House,New Jersey
842,Correctional Staff Training Academy,New Jersey
843,Cura Inc,New Jersey
844,Custody Recruitment Unit,New Jersey
845,East Jersey State Prison,New Jersey
846,Edna Mahan Correctional Facility For Women,New Jersey
2368,Fairton Federal Correctional Institution,New Jersey
848,Fenwick House,New Jersey
849,Fletcher House,New Jersey
2371,Fort Dix Federal Correctional Institution,New Jersey
852,Garden State Youth Correctional Facility,New Jersey
853,Garrett House,New Jersey
854,Hope Hall,New Jersey
1778,ICE Bergen County Jail,New Jersey
1800,ICE Elizabeth Contract Detention Facility,New Jersey
1802,ICE Essex County Correctional Facility,New Jersey
1815,ICE Hudson County Correctional Center,New Jersey
855,James A Hemm House,New Jersey
856,Kintock Bridgeton 1,New Jersey
857,Kintock Bridgeton 2,New Jersey
860,Mid State Correctional Facility,New Jersey
861,Mountainview Youth Correctional Facility,New Jersey
862,New Jersey State Prison,New Jersey
863,Northern State Prison,New Jersey
864,South Woods State Prison,New Jersey
865,Southern State Correctional Facility,New Jersey
866,Statewide,New Jersey
867,Stu,New Jersey
868,The Harbor House,New Jersey
870,Tully House,New Jersey
871,William H Fauver Youth Correctional Facility,New Jersey
2306,Albuquerque Boys Reintegration Center,New Mexico
2307,Albuquerque Girls Reintegration Center,New Mexico
1996,Bernalillo County Metropolitan Detention Center,New Mexico
2308,Bernalillo County Youth Detention Center,New Mexico
1997,Bernalillo County Youth Diagnostics And Development Center,New Mexico
2309,Camino Nuevo Youth Center,New Mexico
872,Central New Mexico Correctional Facility,New Mexico
1998,Chaves County Detention Center,New Mexico
1999,Cibola County Correctional Facility,New Mexico
2310,Colfax County Detention Center,New Mexico
2000,Colfax County Vigil-Maldonado Detention Center,New Mexico
2001,Curry County Adult Detention Center,New Mexico
2002,De Baca County Detention Center,New Mexico
2003,Dona Ana County Detention Center,New Mexico
2004,Eddy County Detention Center,New Mexico
2005,Grant County Detention Center,New Mexico
874,Guadalupe County Correctional Facility,New Mexico
2312,Guadalupe County Jail,New Mexico
2006,Hidalgo County Detention Center,New Mexico
1791,ICE Cibola County Correctional Center,New Mexico
1847,ICE Otero County Processing Center,New Mexico
1870,ICE Torrance County Detention Facility,New Mexico
2007,J Paul Taylor Youth Center,New Mexico
875,Lea County Correctional Facility,New Mexico
2311,Lea County Detention Center,New Mexico
2008,Lea County Juvenile Detention Center,New Mexico
2009,Lincoln County Detention Center,New Mexico
2010,Los Alamos County Detention Center,New Mexico
2011,Luna County Detention Center,New Mexico
2012,Mckinley County Adult Detention Center,New Mexico
876,Northeast New Mexico Correctional Facility,New Mexico
877,Northwest New Mexico Correctional Center,New Mexico
2013,Otero County Detention Center,New Mexico
878,Otero County Prison Facility,New Mexico
880,Penitentiary Of New Mexico,New Mexico
2014,Quay County Detention Center,New Mexico
2015,Rio Arriba County Detention Center,New Mexico
2016,Roosevelt County Detention Center,New Mexico
881,Roswell Correctional Center,New Mexico
2017,San Juan County Adult Detention Center,New Mexico
2018,San Juan County Alternative Sentencing Program,New Mexico
NA,San Juan County Detention Center Jail,New Mexico
2019,San Juan County Juvenile Detention Center,New Mexico
2020,San Miguel County Detention Center,New Mexico
2021,Sandoval County Detention Center,New Mexico
2023,Santa Fe County Adult Detention Facility,New Mexico
2024,Sierra County Detention Facility,New Mexico
2025,Socorro County Detention Center,New Mexico
882,Southern New Mexico Correctional Facility,New Mexico
883,Springer Correctional Center,New Mexico
884,Statewide,New Mexico
2026,Taos County Adult Detention Center,New Mexico
2027,Torrance County Detention Facility,New Mexico
2028,Valencia County Detention Center,New Mexico
885,Western New Mexico Correctional Facility,New Mexico
886,Adirondack Correctional Facility,New York
887,Albion Correctional Facility,New York
888,Altona Correctional Facility,New York
889,Attica Correctional Facility,New York
890,Auburn Correctional Facility,New York
891,Bare Hill Correctional Facility,New York
892,Bedford Hills Correctional Facility,New York
2350,Brooklyn Metropolitan Detention Center,New York
896,Cape Vincent Correctional Facility,New York
897,Cayuga Correctional Facility,New York
898,Clinton Correctional Facility,New York
899,Collins Correctional Facility,New York
901,Coxsackie Correctional Facility,New York
902,Downstate Correctional Facility,New York
903,Eastern Correctional Facility,New York
904,Edgecombe Residential Treatment Facility,New York
905,Elmira Correctional Facility,New York
906,Fishkill Correctional Facility,New York
907,Five Points Correctional Facility,New York
908,Franklin Correctional Facility,New York
910,Gouverneur Correctional Facility,New York
911,Gowanda Correctional Facility,New York
912,Great Meadow Correctional Facility,New York
913,Green Haven Correctional Facility,New York
914,Greene Correctional Facility,New York
915,Groveland Correctional Facility,New York
916,Hale Creek Correctional Facility,New York
918,Hudson Correctional Facility,New York
1782,ICE Buffalo Batavia Service Processing Center,New York
1987,ICE Orange County Jail,New York
919,Lakeview Correctional Facility,New York
920,Marcy Correctional Facility,New York
922,Midstate Correctional Facility,New York
923,Mohawk Walsh Regional Medical Unit,New York
924,Moriah Schock Incarceration Correctional Facility,New York
925,New York City Jails,New York
2409,New York Metropolitan Correctional Center,New York
927,Ogdensburg Correctional Facility,New York
928,Orleans Correctional Facility,New York
929,Otisville Correctional Facility,New York
2415,Otisville Federal Correctional Institution,New York
931,Queensboro Correctional Facility,New York
2423,Ray Brook Federal Correctional Institution,New York
933,Riverview Correctional Facility,New York
934,Rochester Correctional Facility,New York
936,Shawangunk Correctional Facility,New York
937,Sing Sing Correctional Facility,New York
938,Southport Correctional Facility,New York
939,Statewide,New York
940,Sullivan Correctional Facility,New York
941,Taconic Correctional Facility,New York
942,Ulster Correctional Facility,New York
943,Upstate Correctional Facility,New York
945,Wallkill Correctional Facility,New York
946,Washington Correctional Facility,New York
947,Watertown Correctional Facility,New York
948,Wende Correctional Facility,New York
949,Willard Correctional Facility,New York
950,Woodbourne Correctional Facility,New York
951,Wyoming Correctional Facility,New York
952,Albemarle Correctional Institution,North Carolina
953,Alexander Correctional Institution,North Carolina
2194,Alexander Regional Juvenile Detention Center,North Carolina
954,Anson Correctional Institution,North Carolina
955,Avery Mitchell Correctional Institution,North Carolina
956,Balden CC,North Carolina
957,Bertie Correctional Institution,North Carolina
958,Bladen CC,North Carolina
1754,Brown Creek Correctional Institution,North Carolina
959,Burke Confinement In Response To Violation,North Carolina
2352,Butner Federal Correctional Complex,North Carolina
2195,Cabarrus Regional Juvenile Detention Center,North Carolina
2205,Cabarrus Youth Development Center,North Carolina
964,Caldwell Correctional Center,North Carolina
965,Caledonia Correctional Institution,North Carolina
966,Carteret Correctional Center,North Carolina
967,Caswell Correctional Center,North Carolina
968,Catawba Correctional Center,North Carolina
969,Central Prison,North Carolina
970,Central Prison Hcf,North Carolina
2202,Chatham Youth Development Center,North Carolina
971,Columbus Correctional Institution,North Carolina
973,Craggy Correctional Center,North Carolina
974,Craven Correctional Institution,North Carolina
2196,Cumberland Regional Juvenile Detention Center,North Carolina
975,Dan River Prison Work Farm,North Carolina
2031,Dart Cherry Program,North Carolina
976,Davidson Correctional Center,North Carolina
2197,Dillon Regional Juvenile Detention Center,North Carolina
2198,Dobbslenoir Juvenile Detention Center,North Carolina
978,Eastern Correctional Institution,North Carolina
2203,Edgecombe Youth Development Center,North Carolina
979,Foothills Correctional Institution,North Carolina
980,Forsyth Correctional Center,North Carolina
981,Franklin Correctional Center,North Carolina
982,Gaston Correctional Center,North Carolina
983,Greene Correctional Institution,North Carolina
984,Harnett Correctional Institution,North Carolina
985,Hoke CI,North Carolina
986,Hyde Correctional Institution,North Carolina
987,Johnston Correctional Institution,North Carolina
2204,Lenoir Youth Development Center,North Carolina
988,Lincoln Correctional Center,North Carolina
989,Lumberton Correctional Institution,North Carolina
990,Marion Correctional Institution,North Carolina
991,Maury Correctional Institution,North Carolina
992,Morrison Correctional Institution,North Carolina
993,Mountain View Correctional Institution,North Carolina
994,Nash Correctional Institution,North Carolina
995,Neuse Correctional Institution,North Carolina
996,New Hanover Correctional Center,North Carolina
2199,New Hanover Regional Juvenile Detention Center,North Carolina
997,North Carolina Correctional Institution For Women,North Carolina
998,North Piedmont Confinement In Response To Violation,North Carolina
1755,Off Premises,North Carolina
999,Orange Correctional Center,North Carolina
1000,Pamlico Correctional Institution,North Carolina
1001,Pasquotank Correctional Institution,North Carolina
1002,Pender Correctional Institution,North Carolina
1003,Piedmont Correctional Institution,North Carolina
2200,Pitt Regional Juvenile Detention Center,North Carolina
1004,Polk Correctional Institution,North Carolina
1005,Raleigh CCW,North Carolina
1006,Randolph Correctional Center,North Carolina
2453,Rivers Correctional Institution,North Carolina
1008,Robeson Confinement In Response To Violation,North Carolina
1009,Rutherford Correctional Center,North Carolina
1010,Sampson Correctional Institution,North Carolina
1011,Sanford Correctional Center,North Carolina
1012,Scotland Correctional Institution,North Carolina
1014,Southern Correctional Institution,North Carolina
1015,Statewide,North Carolina
2047,Statewide For Non-Specific Facilities,North Carolina
1016,Swannanoa Correctional Center For Women,North Carolina
1017,Tabor Correctional Institution,North Carolina
1018,Tyrrell Prison Work Farm,North Carolina
1019,Wake Correctional Center,North Carolina
2201,Wake Regional Juvenile Detention Center,North Carolina
1020,Warren Correctional Institution,North Carolina
1021,Wilkes Correctional Center,North Carolina
1022,Central Office,North Dakota
1024,Dakota Womens Correctional Rehabilitation Center,North Dakota
1025,Division Of Juvenile Services,North Dakota
1026,James River Correctional Center,North Dakota
1027,Missourri River Correctional Center,North Dakota
1028,North Dakota State Penitentiary,North Dakota
1029,Probation And Parole,North Dakota
1030,Youth Correctional Center,North Dakota
1066,Allen Oakwood Correctional Institution,Ohio
1067,Belmont Correctional Institution,Ohio
1068,Chillicothe Correctional Institution,Ohio
1069,Correctional Reception Center,Ohio
1070,Dayton Correctional Institution,Ohio
2365,Elkton Federal Correctional Institution,Ohio
1072,Franklin Medical Center,Ohio
1073,Grafton Correctional Institution,Ohio
1979,ICE Butler County Jail,Ohio
1809,ICE Geauga County Jail,Ohio
1842,ICE Morrow County Correctional Facility,Ohio
1989,ICE Seneca County Jail,Ohio
1074,Lake Erie Correctional Institution,Ohio
1075,Lebanon Correctional Institution,Ohio
1076,London Correctional Institution,Ohio
1077,Lorain Correctional Institution,Ohio
1078,Madison Correctional Institution,Ohio
1079,Mansfield Correctional Institution,Ohio
1080,Marion Correctional Institution,Ohio
1081,Noble Correctional Institution,Ohio
1082,North Central Correctional Center,Ohio
1083,Northeast Ohio Correctional Center,Ohio
1084,Northeast Reintegration Center,Ohio
1085,Ohio Reformatory For Women,Ohio
1086,Ohio State Penitentiary,Ohio
1088,Pickaway Correctional Institution,Ohio
1089,Richland Correctional Institution,Ohio
1090,Ross Correctional Institution,Ohio
1091,Southeastern Correctional Institution,Ohio
1092,Southern Ohio Correctional Facility,Ohio
1093,Statewide,Ohio
1094,Toledo Correctional Institution,Ohio
1095,Trumbull Correctional Institution,Ohio
1097,Warren Correctional Institution,Ohio
1098,Bill Johnson Correctional Center,Oklahoma
1099,Bridgeway Inc Halfway House,Oklahoma
1100,Carver Transitional Center Halfway House,Oklahoma
1756,Central Administration,Oklahoma
1101,Cimarron Correctional Facility Private Prison,Oklahoma
1102,Clara Waters Community Corrections Center,Oklahoma
1103,Davis Correctional Facility Private Prison,Oklahoma
1104,Dick Conner Correctional Center,Oklahoma
1105,Eddie Warrior Correctional Center,Oklahoma
2364,El Reno Federal Correctional Institution,Oklahoma
1107,Enid Community Corrections Center,Oklahoma
2377,Great Plains Correctional Institution,Oklahoma
1109,Howard Mcleod Correctional Center,Oklahoma
1823,ICE Kay County Detention Center,Oklahoma
1840,ICE Okmulgee County Jail,Oklahoma
1110,Jackie Brannon Correctional Center,Oklahoma
1111,James Crabtree Correctional Center,Oklahoma
1112,Jess Dunn Correctional Center,Oklahoma
1113,Jim E Hamilton Correctional Center,Oklahoma
1114,John Lilley Correctional Center,Oklahoma
1115,Joseph Harp Correctional Center,Oklahoma
1116,Kate Barnard Correctional Center,Oklahoma
1117,Lawton Community Corrections Center,Oklahoma
1118,Lawton Correctional Facility,Oklahoma
1119,Lexington Assessment And Reception Center,Oklahoma
1120,Mabel Bassett Correctional Center,Oklahoma
1121,Mack Alford Correctional Center,Oklahoma
1122,North Fork Correctional Center,Oklahoma
1757,North Fork Correctional Center J Unit,Oklahoma
1123,Northeast Oklahoma Correctional Center,Oklahoma
1124,Okc Transitional Center Halfway House,Oklahoma
1125,Oklahoma City Community Corrections Center,Oklahoma
2414,Oklahoma City Federal Transfer Center,Oklahoma
2165,Oklahoma Reentry Opportunity Center,Oklahoma
1127,Oklahoma State Penitentiary,Oklahoma
1128,Oklahoma State Reformatory,Oklahoma
1129,Probation And Parole Officers,Oklahoma
1130,Statewide,Oklahoma
1131,Tulsa Transitional Center Halfway House,Oklahoma
1132,Union City Community Corrections Center,Oklahoma
1133,William S Key Correctional Center,Oklahoma
1134,Coffee Creek Correctional Facility,Oregon
1135,Coffee Creek Intate Center,Oregon
1136,Columbia River Correctional Institution,Oregon
1137,Deer Ridge Correctional Institution,Oregon
1138,Eastern Oregon Correctional Institution,Oregon
1139,Mill Creek Correctional Facility,Oregon
1758,Non Institution Locations,Oregon
1140,Oregon State Correctional Institution,Oregon
1141,Oregon State Penitentiary,Oregon
1142,Powder River Correctional Facility,Oregon
1143,Santiam Correctional Institution,Oregon
2433,Sheridan Federal Correctional Institution,Oregon
1145,Shutter Creek Correctional Institution,Oregon
1146,Snake River Correctional Institution,Oregon
1147,South Fork Forest Camp,Oregon
1148,Statewide,Oregon
1149,Telework And Non Institution Locations,Oregon
1150,Two Rivers Correctional Institution,Oregon
1151,Warner Creek Correctional Facility,Oregon
1152,Albion Correctional Facility,Pennsylvania
1153,Allegheny County Jail,Pennsylvania
2337,Allenwood Federal Correctional Complex,Pennsylvania
1157,Benner Township Correctional Institution,Pennsylvania
1158,Cambridge Springs Correctional Institution,Pennsylvania
1159,Camp Hill Correctional Institution,Pennsylvania
2353,Canaan United States Penitentiary,Pennsylvania
1161,Central Office,Pennsylvania
1162,Chester Correctional Instiution,Pennsylvania
2459,Clarks Summit State Hospital,Pennsylvania
1163,Coal Township Correctional Institution,Pennsylvania
1165,Dallas Correctional Institution,Pennsylvania
2460,Danville State Hospital,Pennsylvania
1166,Fayette Correctional Instiution,Pennsylvania
1167,Forest Correctional Institution,Pennsylvania
1168,Frackville Correctional Institution,Pennsylvania
1170,Greene Correctional Institution,Pennsylvania
1171,Houtzdale Correctional Institution,Pennsylvania
1172,Huntingdon Correctional Institution,Pennsylvania
1978,ICE Berks Family Residential Center,Pennsylvania
1785,ICE Cambria County Jail,Pennsylvania
1980,ICE Clinton County Correctional Facility,Pennsylvania
1849,ICE Pike County Correctional Facility,Pennsylvania
2325,ICE York County Jail,Pennsylvania
1877,ICE York County Prison,Pennsylvania
1174,Laurel Highlands Correctional Institution,Pennsylvania
2388,Lewisburg United States Penitentiary,Pennsylvania
2391,Loretto Federal Correctional Institution,Pennsylvania
2192,Loysville Youth Development Center,Pennsylvania
1177,Mahanoy Correctional Institution,Pennsylvania
2399,Mckean Federal Correctional Institution,Pennsylvania
1179,Mercer Correctional Institution,Pennsylvania
2452,Moshannon Valley Correctional Center,Pennsylvania
1180,Muncy Correctional Institution,Pennsylvania
2461,Norristown State Hospital,Pennsylvania
2189,North Central Secure Treatment Unit Boys,Pennsylvania
2190,North Central Secure Treatment Unit Girls,Pennsylvania
2412,Northeast Regional Office,Pennsylvania
1182,Parole,Pennsylvania
1759,Philadelphia Dept Of Jails,Pennsylvania
1183,Philadelphia Dept Of Prisons,Pennsylvania
2420,Philadelphia Federal Detention Center,Pennsylvania
1185,Phoenix Correctional Institution,Pennsylvania
1186,Pine Grove Correctional Institution,Pennsylvania
1187,Quehanna Boot Camp,Pennsylvania
1188,Retreat,Pennsylvania
1189,Rockview Correctional Institution,Pennsylvania
2430,Schuylkill Federal Correctional Institution,Pennsylvania
1191,Smithfield Correctional Institution,Pennsylvania
1192,Somerset Correctional Institution,Pennsylvania
2462,South Mountain Rc State Hospital,Pennsylvania
2191,South Mountain Secure Treatment Unit,Pennsylvania
1193,Statewide,Pennsylvania
2463,Torrance State Hospital,Pennsylvania
1194,Training Academy,Pennsylvania
2464,Warren State Hospital,Pennsylvania
1195,Waymart Correctional Institution,Pennsylvania
2465,Wernersville State Hospital,Pennsylvania
2188,Youth Forestry Camp 2,Pennsylvania
2193,Youth Forestry Camp 3,Pennsylvania
2379,Guaynabo Metropolitan Detention Center,Puerto Rico
1861,ICE San Juan Staging Facility,Puerto Rico
1198,Cranston Adult Womens Correctional Institution,Rhode Island
1199,Donald W Wyatt Detention Facility,Rhode Island
1760,High Security Facility,Rhode Island
1876,ICE Wyatt Detention Center,Rhode Island
1200,Intake Service Center,Rhode Island
1905,Maximum Security Facility,Rhode Island
1201,Medium Security Facility,Rhode Island
1202,Minimum Security Facility,Rhode Island
1205,Statewide,Rhode Island
2274,Administrative Offices Youth,South Carolina
1206,Allendale Correctional Institution,South Carolina
2280,Beaufort Marine Youth Institute,South Carolina
2344,Bennettsville Federal Correctional Institution,South Carolina
1209,Broad River Correctional Institution,South Carolina
2268,Broad River Road Youth Complex,South Carolina
1210,Camille Graham Correctional Institution,South Carolina
2275,Camp Aspen Youth,South Carolina
2282,Camp Bennettsville,South Carolina
2283,Camp Sand Hills,South Carolina
2278,Camp White Pines 1 2,South Carolina
2269,Coastal Evaluation Youth Center,South Carolina
2273,County Offices Youth,South Carolina
2363,Edgefield Federal Correctional Institution,South Carolina
2367,Estill Federal Correctional Institution,South Carolina
1213,Evans Correctional Institution,South Carolina
2279,Generations Horizons,South Carolina
2281,Georgetown Marine Youth Institute,South Carolina
1214,Goodman Correctional Institution,South Carolina
1789,ICE Charleston County Detention Center,South Carolina
1794,ICE Columbia Regional Care Center,South Carolina
2272,Juvenile Detention Center,South Carolina
1215,Kershaw Correctional Institution,South Carolina
1216,Kirkland Correctional Institution,South Carolina
1217,Leath Correctional Institution,South Carolina
1218,Lee Correctional Institution,South Carolina
1219,Lieber Correctional Institution,South Carolina
1220,Livesay Correctional Institution,South Carolina
1221,Macdougall Correctional Institution,South Carolina
1222,Manning Correctional Institution,South Carolina
1223,Mccormick Correctional Institution,South Carolina
2270,Midlands Youth Evaluation Center,South Carolina
1224,Non Institutional Staff,South Carolina
2284,Other Community-Based Residential Facilities,South Carolina
1225,Other Locations,South Carolina
1226,Palmer Prerelease Center,South Carolina
1227,Perry Correctional Institution,South Carolina
2277,Piedmont Wilderness Youth Institute,South Carolina
1228,Ridgeland Correctional Institution,South Carolina
1229,Statewide,South Carolina
1230,Trenton Correctional Institution,South Carolina
1231,Turbeville Correctional Institution,South Carolina
1232,Tyger River Correctional Institution,South Carolina
2271,Upstate Youth Evaluation Center,South Carolina
1233,Wateree River Correctional Institution,South Carolina
2448,Williamsburg Federal Correctional Institution,South Carolina
2276,Youth Development Center,South Carolina
1236,Jameson Prison Annex Sioux Falls,South Dakota
1237,Mike Durfee State Prison Springfield,South Dakota
1238,Pierre Community Work Center,South Dakota
1239,Rapid City Community Work Center,South Dakota
1240,Sioux Falls Community Work Center,South Dakota
1241,South Dakota State Penitentiary,South Dakota
1242,South Dakota Womens Prison Pierre,South Dakota
1243,South Dakota Womens Prison Unit E,South Dakota
1245,Yankton Community Work Center,South Dakota
2449,Yankton Federal Prison Camp,South Dakota
1247,Bledsoe County Correctional Complex,Tennessee
1761,Community Services And Rehabilitation,Tennessee
1762,Corrections Academy,Tennessee
1973,Dcco And Office Of Investigations And Compliance,Tennessee
1248,Debra K Johnson Rehabilitation Center,Tennessee
1252,Hardeman County Correctional Facility,Tennessee
1253,Lois M Derry Special Needs Facility,Tennessee
1254,Mark Luttrell Transition Center,Tennessee
2401,Memphis Federal Correctional Institution,Tennessee
1257,Morgan County Correctional Complex,Tennessee
1258,Northeast Correctional Complex,Tennessee
1259,Northwest Correctional Complex,Tennessee
1260,Riverbend Maximum Security Institution,Tennessee
1262,South Central Correctional Facility,Tennessee
1263,Statewide,Tennessee
2049,Statewide For Non-Specific Facilities,Tennessee
1264,Tennessee Prison For Women Tpfw,Tennessee
1265,Trousdale Turner Correctional Center,Tennessee
1266,Turney Center Annex Tcix A,Tennessee
1267,Turney Center Industrial Complex,Tennessee
1268,West Tennessee State Penitentiary,Tennessee
1269,Whiteville Correctional Facility,Tennessee
1270,Womens Therapeutic Residential Center,Tennessee
1272,Allred Unit,Texas
1880,Angelina County Jail,Texas
1881,Aransas County Jail,Texas
2103,Austin County Jail,Texas
2470,Bailey County Jail,Texas
2104,Bastrop County Jail,Texas
2341,Bastrop Federal Correctional Institution,Texas
2342,Beaumont Federal Correctional Complex,Texas
2105,Bee County Jail,Texas
1283,Bell Correctional Facility,Texas
2106,Bell County Jail,Texas
1285,Beto Unit,Texas
1286,Bexar County Jail,Texas
2347,Big Spring Federal Correctional Institution,Texas
2348,Big Spring Flightline Correctional Institution,Texas
2349,Big Spring Private Correctional Institution,Texas
2107,Bowie County Jail,Texas
1962,Bowie County Private Jail,Texas
1288,Boyd Unit,Texas
1882,Brazoria County Jail,Texas
1883,Brazos County Jail,Texas
1290,Bridgeport Unit,Texas
1291,Briscoe Unit,Texas
2108,Brooks County Jail,Texas
1963,Brooks County Private Jail,Texas
2351,Bryan Federal Prison Camp,Texas
2109,Burnet County Jail,Texas
1296,Byrd Unit,Texas
2110,Caldwell County Jail,Texas
1298,Cameron County Jail,Texas
1299,Carole Young Medical Facility,Texas
1884,Carson County Jail,Texas
2354,Carswell Federal Medical Center,Texas
2111,Cass County Jail,Texas
2112,Chambers County Jail,Texas
2304,Clay County Jail,Texas
1302,Clemens Unit,Texas
1303,Clements Unit,Texas
2113,Cochran County Jail,Texas
1304,Coffield Unit,Texas
1305,Cole State Jail,Texas
1306,Collin County Jail,Texas
2471,Colorado County Jail,Texas
1308,Connally Unit,Texas
1885,Cooke County Jail,Texas
1310,Cotulla Unit,Texas
1311,Crain Unit,Texas
1314,Dalhart Unit,Texas
1316,Dallas County Jail,Texas
1317,Daniel Unit,Texas
1318,Darrington Unit,Texas
2114,Dawson County Jail,Texas
1319,Denton County Jail,Texas
1320,Diboll Unit,Texas
1325,Dominguez Unit,Texas
1326,Duncan Unit,Texas
1327,East Texas Unit,Texas
1328,Eastham Unit,Texas
1329,Ector County Jail,Texas
1330,El Paso County Jail,Texas
1886,Ellis County Jail,Texas
1331,Ellis Unit,Texas
2115,Erath County Jail,Texas
1333,Estelle Unit,Texas
1334,Estes Unit,Texas
1964,Fannin County Private Jail,Texas
1337,Ferguson Unit,Texas
1338,Formby State Jail,Texas
1339,Fort Bend County Jail,Texas
1340,Fort Stockton Unit,Texas
2372,Fort Worth Federal Medical Center,Texas
1887,Frio County Jail,Texas
2116,Gaines County Jail,Texas
2117,Galveston County Jail,Texas
1345,Garza West Unit,Texas
2373,Giles W Dalby Correctional Institution,Texas
1349,Gist State Jail,Texas
1350,Glossbrenner Unit,Texas
1351,Goodman Unit,Texas
1352,Goree Unit,Texas
2376,Grand Prairie Office Complex,Texas
1354,Grayson County Jail,Texas
1355,Gregg County Jail,Texas
1356,Guadalupe County Jail,Texas
1357,Gurney Unit,Texas
1358,Halbert Unit,Texas
2118,Hale County Jail,Texas
1359,Hamilton Unit,Texas
1360,Harris County Jail,Texas
2119,Haskell County Private Jail,Texas
1362,Havins Unit,Texas
2120,Hays County Jail,Texas
1888,Henderson County Jail,Texas
1364,Henley State Jail,Texas
1365,Hidalgo County Jail,Texas
1366,Hightower Unit,Texas
2121,Hill County Jail,Texas
1367,Hilltop Unit,Texas
1368,Hobby Unit,Texas
1369,Hodge Unit,Texas
1370,Holliday Unit,Texas
1889,Hood County Jail,Texas
1371,Hospital Galveston,Texas
2383,Houston Federal Detention Center,Texas
1373,Hughes Unit,Texas
1890,Hunt County Jail,Texas
1374,Huntsville Unit,Texas
1375,Hutchins Unit,Texas
2326,ICE Best Western Hotel - El Paso,Texas
1779,ICE Bluebonnet Detention Facility,Texas
1793,ICE Coastal Bend Detention Facility,Texas
2327,ICE Comfort Suites - El Paso,Texas
1797,ICE Eden Detention Center,Texas
2296,ICE El Paso County Jail,Texas
2181,ICE El Paso County Jail,Texas
1798,ICE El Paso Service Processing Center,Texas
1799,ICE El Valle Detention Facility,Texas
1814,ICE Houston Contract Detention Facility,Texas
1869,ICE Hutto Cca,Texas
1820,ICE Joe Corley Detention Facility,Texas
1821,ICE Johnson County Corrections Center,Texas
1994,ICE Karnes County Correctional Center,Texas
1822,ICE Karnes County Residential Center,Texas
2458,ICE La Quinta - Pearsall House Of Peace,Texas
1827,ICE Laredo Processing Center,Texas
1985,ICE Lasalle County Regional Detention Center,Texas
1831,ICE Limestone County Detention Center,Texas
1839,ICE Montgomery Processing Center,Texas
1816,ICE Polk County Adult Detention Facility,Texas
1852,ICE Port Isabel,Texas
1853,ICE Prairieland Detention Facility,Texas
1856,ICE Rio Grande Detention Center,Texas
1859,ICE Rolling Plains Detention Center,Texas
1866,ICE South Texas Detention Complex,Texas
1865,ICE South Texas Family Residential Center,Texas
1873,ICE Webb County Detention Center Cca,Texas
1891,Jackson County Jail,Texas
1376,Jefferson County Jail,Texas
1965,Jefferson County Private Jail,Texas
1379,Jester 3 Unit,Texas
1380,Jester 4 Unit,Texas
2122,Jim Wells County Jail,Texas
1966,Johnson County Private Jail,Texas
1382,Johnston Unit,Texas
1383,Jordan Unit,Texas
1967,Karnes County Private Jail,Texas
1892,Kaufman County Jail,Texas
1387,Kegans Unit,Texas
1389,Kleberg County Jail,Texas
1390,Kyle Unit,Texas
2385,La Tuna Federal Correctional Institution,Texas
2123,Lamb County Jail,Texas
1392,Leblanc Unit,Texas
1394,Lewis Unit,Texas
1398,Lindsey Unit,Texas
1400,Lockhart Unit,Texas
1401,Lopez Unit,Texas
1402,Lubbock County Jail,Texas
1403,Luther Unit,Texas
1404,Lychner Unit,Texas
1405,Lynaugh Unit,Texas
2124,Lynn County Jail,Texas
2472,Madison County Jail,Texas
1406,Marlin Unit,Texas
2125,Matagorda County Jail,Texas
1410,Mcconnell Unit,Texas
2126,Mcculloch County Jail,Texas
1893,Mclennan County Jail,Texas
1412,Michael Unit,Texas
1414,Middleton Unit,Texas
2127,Midland County Jail,Texas
2128,Montague County Jail,Texas
1416,Montford Unit,Texas
1417,Montgomery County Jail,Texas
1418,Moore B Unit,Texas
1419,Moore C Unit,Texas
2129,Morris County Jail,Texas
1420,Mountain View Unit,Texas
1421,Murray Unit,Texas
1423,Neal Unit,Texas
1424,Ney Unit,Texas
2130,Nolan County Jail,Texas
1894,Nueces County Jail,Texas
2131,Orange County Jail,Texas
1428,Pack Unit,Texas
2132,Parker County Private Jail,Texas
1431,Plane Unit,Texas
1895,Polk County Jail,Texas
2133,Polk County Private Jail,Texas
1432,Polunsky Unit,Texas
1433,Potter County Jail,Texas
1434,Powledge Unit,Texas
2134,Rains County Jail,Texas
1435,Ramsey Unit,Texas
1896,Randall County Jail,Texas
2424,Reeves Correctional Institution I And II,Texas
2425,Reeves Correctional Institution Iii,Texas
2135,Reeves County Jail,Texas
2136,Refugio County Jail,Texas
1436,Roach Unit,Texas
1437,Robertson Unit,Texas
1897,Rockwall County Jail,Texas
1439,Rudd Unit,Texas
1898,San Jacinto County Jail,Texas
2137,San Saba County Jail,Texas
1442,San Saba Unit,Texas
1443,Sanchez Unit,Texas
1444,Sayle Unit,Texas
1445,Scott Unit,Texas
2431,Seagoville Federal Correctional Institution,Texas
1447,Segovia Unit,Texas
1448,Skyview Unit,Texas
1449,Smith County Jail,Texas
1450,Smith Unit,Texas
2138,Somervell County Jail,Texas
2434,South Central Regional Office,Texas
2139,Starr County Jail,Texas
1453,Statewide,Texas
2140,Stephens County Jail,Texas
1455,Stevenson Unit,Texas
1456,Stiles Unit,Texas
1457,Stringfellow Unit,Texas
1458,Tarrant County Jail,Texas
2141,Taylor County Jail,Texas
1460,Telford Unit,Texas
1461,Terrell Unit,Texas
2441,Texarkana Federal Correctional Institution,Texas
2443,Three Rivers Federal Correctional Institution,Texas
2142,Titus County Jail,Texas
1899,Tom Green County Jail,Texas
1467,Torres Unit,Texas
1468,Travis County Jail,Texas
1469,Travis County State Jail,Texas
1470,Tulia Unit,Texas
2143,Uvalde County Jail,Texas
2144,Val Verde County Jail,Texas
2145,Van Zandt County Jail,Texas
1472,Vance Unit,Texas
1900,Victoria County Jail,Texas
2146,Walker County Jail,Texas
1477,Wallace Unit,Texas
2147,Ward County Jail,Texas
2305,Washington County Jail,Texas
1479,Webb County Jail,Texas
1901,Wharton County Jail,Texas
1482,Wheeler State Jail,Texas
1483,Wichita County Jail,Texas
1485,Willacy State Jail,Texas
1902,Williamson County Jail,Texas
1903,Wise County Jail,Texas
1487,Woodman Unit,Texas
1488,Wynne Unit,Texas
2148,Zapata County Jail,Texas
2149,Zavala County Jail,Texas
1491,Atherton Community Treatment Center,Utah
1492,Bonneville Community Correctional Center,Utah
1493,Central Utah Correctional Facility Gunnison,Utah
1494,Fortitude Treatment Center,Utah
1783,ICE Cache County Jail,Utah
1872,ICE Washington County Jail Purgatory Correctional Fac,Utah
1496,Northern Utah Community Correctional Center,Utah
1497,Orange Street Community Correctional Center,Utah
1499,Udc Inmates Housed At A County Jail,Utah
1500,Utah State Prison Draper,Utah
1501,Barre Probation And Parole,Vermont
1502,Bennington Probation And Parole,Vermont
1503,Brattleboro Probation And Parole,Vermont
1504,Burlington Probation And Parole,Vermont
1505,Central Office,Vermont
1506,Chittenden Regional Correctional Facility,Vermont
1507,Hartford Probation And Parole,Vermont
1508,Marble Valley Regional Correctional Facility,Vermont
1509,Mipp,Vermont
1510,Morrisville Probation And Parole,Vermont
1511,Newport Probation And Parole,Vermont
1512,Northeast Correctional Complex,Vermont
1513,Northern State Correctional Facility,Vermont
1514,Northwest State Correctional Facility,Vermont
1515,Out Of State,Vermont
1516,Rutland Probation And Parole,Vermont
1517,Saint Albans Probation And Parole,Vermont
1518,Saint Johnsbury Probation And Parole,Vermont
1519,Southern State Correctional Facility,Vermont
1520,Statewide,Vermont
1521,Administration Operations,Virginia
1522,Appalachian Mens Community Corrections Alternative Program,Virginia
1523,Augusta Correctional Center,Virginia
1524,Baskerville Correctional Center,Virginia
1525,Bland Correctional Center,Virginia
1526,Brunswick Community Corrections Alternative Program,Virginia
1527,Buckingham Correctional Center,Virginia
1528,Caroline Correctional Unit,Virginia
1529,Central Virginia Correctional Unit 13,Virginia
1530,Chesterfield Womens Community Corrections Alternative Program,Virginia
1531,Coffeewood Correctional Center,Virginia
1532,Cold Springs Community Corrections Alternative Program,Virginia
1533,Cold Springs Correctional Unit 10,Virginia
1537,Deerfield Correctional Center Includes Deerfield Work Centers,Virginia
1540,Dillwyn Correctional Center,Virginia
1541,Fluvanna Correctional Center For Women,Virginia
1543,Green Rock Correctional Center,Virginia
1545,Greensville Correctional Center Includes Greensville Work Center,Virginia
1547,Halifax Correctional Unit,Virginia
1548,Harrisonburg Mens Community Corrections Alternative Program,Virginia
1549,Haynesville Correctional Center,Virginia
1550,Haynesville Correctional Unit 17,Virginia
1786,ICE Caroline Detention Facility,Virginia
1804,ICE Immigration Centers Of America Farmville,Virginia
1551,Indian Creek Correctional Center,Virginia
1552,Keen Mountain Correctional Center,Virginia
1553,Lawrenceville Correctional Center,Virginia
2387,Lee United States Penitentiary,Virginia
1555,Lunenburg Correctional Center,Virginia
1556,Marion Correctional Treatment Center,Virginia
1558,Nottoway Correctional Center Includes Nottoway Work Center,Virginia
1560,Patrick Henry Correctional Unit,Virginia
2419,Petersburg Federal Correctional Complex,Virginia
1563,Pocahontas State Correctional Center,Virginia
1564,Probation Parole Central Region,Virginia
1565,Probation Parole Eastern Region,Virginia
1566,Probation Parole Western Region,Virginia
1567,Red Onion State Prison,Virginia
1568,River North Correctional Center,Virginia
1569,Rustburg Correctional Unit,Virginia
1570,St Brides Correctional Center,Virginia
1571,Stafford Mens Community Corrections Alternative Program,Virginia
1573,State Farm Correctional Complex,Virginia
1576,Statewide,Virginia
1577,Sussex I State Prison,Virginia
1578,Sussex II State Prison,Virginia
1579,Virginia Beach Jail,Virginia
1581,Virginia Correctional Center For Women Includes State Farm Work Center,Virginia
1582,Wallens Ridge State Prison,Virginia
1583,Wise Correctional Unit,Virginia
1584,Ahtanum View Work Release,Washington
1585,Airway Heights Corrections Center,Washington
1586,Bellingham Work Release,Washington
1587,Bishop Lewis Work Release,Washington
1588,Brownstone Work Release,Washington
1764,Captain Jimmie Evans Regional Performance Center,Washington
1589,Cedar Creek Corrections Center,Washington
1590,Clallam Bay Corrections Center,Washington
1591,Community Corrections Section 1,Washington
1592,Community Corrections Section 2,Washington
1593,Community Corrections Section 3,Washington
1594,Community Corrections Section 4,Washington
1595,Community Corrections Section 5,Washington
1596,Community Corrections Section 6,Washington
1597,Community Corrections Section 7,Washington
1598,Community Medical Center,Washington
1599,Coyote Ridge Corrections Center,Washington
1600,Eleanor Chase House Work Release,Washington
1601,Helen B Ratcliff Work Release,Washington
1844,ICE Northwest Detention Center,Washington
1602,Larch Corrections Center,Washington
1603,Longview Work Release,Washington
1604,Mill Creek Regional Performance Center,Washington
1605,Mission Creek Corrections Center For Women,Washington
1606,Monroe Correctional Complex,Washington
1607,Olympia Area Offices,Washington
1608,Olympia Work Release,Washington
1609,Olympic Corrections Center,Washington
1610,Peninsula Work Release,Washington
1612,Progress House Work Release,Washington
1613,Reynolds Work Release,Washington
2432,Seatac Federal Detention Center,Washington
1765,Southwest Region Performance Center,Washington
1615,Spokane County Jail,Washington
1616,Stafford Creek Corrections Center,Washington
1617,Statewide,Washington
1618,Tricities Work Release,Washington
1619,Washington Corrections Center,Washington
1620,Washington Corrections Center For Women,Washington
1621,Washington Corrections Center Shelton,Washington
1622,Washington State Penitentiary,Washington
2330,Alderson Federal Prison Camp,West Virginia
1625,Beckley Correctional Center,West Virginia
2343,Beckley Federal Correctional Institution,West Virginia
1626,Central Regional Jail,West Virginia
1974,Charleston Community Corrections,West Virginia
1627,Charleston Correctional Center,West Virginia
1628,Chick Buckbee Juvenile Center,West Virginia
2466,Community Corrections Staff Total,West Virginia
2467,Correctional Centers Staff Total,West Virginia
1629,Denmar Correctional Center,West Virginia
1630,Donald R Kuhn Juvenile Center,West Virginia
1631,Eastern Regional Jail,West Virginia
1632,Gene Spadaro Juvenile Center,West Virginia
2374,Gilmer Federal Correctional Institution,West Virginia
2380,Hazelton Federal Correctional Complex,West Virginia
1634,Huttonsville Correctional Center,West Virginia
1990,ICE South Central Regional Jail,West Virginia
2468,Juvenile Services Staff Total,West Virginia
1635,Kenneth Honey Rubenstein Juvenile Center,West Virginia
1636,Lakin Correctional Center,West Virginia
1637,Lorrie Yeager Juvenile Center,West Virginia
1638,Martinsburg Correctional Center,West Virginia
1639,Mcdowell County Correctional Center,West Virginia
2398,Mcdowell Federal Correctional Institution,West Virginia
2408,Morgantown Federal Correctional Institution,West Virginia
1642,Mount Olive Correctional Center,West Virginia
1643,North Central Regional Jail,West Virginia
1644,Northern Correctional Facility,West Virginia
1904,Northern Regional Jail,West Virginia
1645,Ohio County Correctional Center,West Virginia
1646,Parkersburg Correctional Center,West Virginia
1647,Potomac Highlands Regional Jail,West Virginia
1648,Pruntytown Correctional Center,West Virginia
2469,Regional Jails Staff Total,West Virginia
1649,Robert Shell Juvenile Center,West Virginia
1650,Ronald Mulholland Juvenile Center,West Virginia
1651,Saint Marys Correctional Center,West Virginia
1652,Salem Correctional Center,West Virginia
1653,Sam Perdue Juvenile Center,West Virginia
1654,South Central Regional Jail,West Virginia
1655,Southern Regional Jail,West Virginia
1656,Southwestern Regional Jail,West Virginia
1657,Statewide,West Virginia
1658,Tiger Morton Juvenile Center,West Virginia
1659,Tygart Valley Regional Jail,West Virginia
1660,Vicki Douglas Juvenile Center,West Virginia
1661,Western Regional Jail,West Virginia
1766,Auxiliary Units,Wisconsin
1662,Black River Correctional Center,Wisconsin
1663,Bureau Of Correctional Enterprises,Wisconsin
1664,Central Office,Wisconsin
1665,Chippewa Valley Correctional Treatment Facility,Wisconsin
1666,Columbia Correctional Institution,Wisconsin
1667,Community Corrections Region 2 Kenosha Racine Walworth,Wisconsin
1668,Community Corrections Region 3 Milwaukee,Wisconsin
1669,Copper Lake School Lincoln Hills School,Wisconsin
1767,Criminal Justice Facility,Wisconsin
1670,Division Of Community Corrections,Wisconsin
1671,Division Of Juvenile Corrections,Wisconsin
1770,Division Of Juvenile Corrections Facilities,Wisconsin
1771,Division Of Juvenile Corrections Field,Wisconsin
1672,Dodge Correctional Institution,Wisconsin
1673,Drug Abuse Correctional Center,Wisconsin
1674,Felmers O Chaney Correctional Center,Wisconsin
1675,Flambeau Correctional Center,Wisconsin
1676,Fox Lake Correctional Institution,Wisconsin
1677,Gordon Correctional Center,Wisconsin
1678,Green Bay Correctional Institution,Wisconsin
1679,Grow Academy,Wisconsin
1768,House Of Correction,Wisconsin
1981,ICE Dodge County Jail,Wisconsin
1680,Jackson Correctional Institution,Wisconsin
1681,John C Burke Correctional Center,Wisconsin
1769,Juvenile Justice Center,Wisconsin
1682,Kenosha Correctional Center,Wisconsin
1683,Kettle Moraine Correctional Institution,Wisconsin
1684,Marshall E Sherrer Correctional Center,Wisconsin
1685,Mcnaughton Correctional Center,Wisconsin
1686,Milwaukee Secure Detention Facility,Wisconsin
1687,Milwaukee Womens Correctional Center,Wisconsin
1688,New Lisbon Correctional Institution,Wisconsin
1689,Oakhill Correctional Institution,Wisconsin
1690,Oregon Correctional Center,Wisconsin
1691,Oshkosh Correctional Institution,Wisconsin
2416,Oxford Federal Correctional Institution,Wisconsin
1693,Prairie Du Chien Correctional Institution,Wisconsin
1694,Racine Correctional Institution Sturtevant Transitional Facility,Wisconsin
1695,Racine Youthful Offender Correctional Facility,Wisconsin
1696,Redgranite Correctional Institution,Wisconsin
1697,Robert E Ellsworth Correctional Center,Wisconsin
1700,Saint Croix Correctional Center,Wisconsin
1701,Sanger B Powers Correctional Center,Wisconsin
1702,Stanley Correctional Institution,Wisconsin
1703,Statewide,Wisconsin
2050,Statewide For Non-Specific Facilities,Wisconsin
1704,Sturtevant Transitional Facility,Wisconsin
1705,Taycheedah Correctional Institution,Wisconsin
1706,Thompson Correctional Center,Wisconsin
1707,Waupun Correctional Institution,Wisconsin
1708,Winnebago Correctional Center,Wisconsin
1710,Wisconsin Secure Program Facility,Wisconsin
1712,Statewide,Wyoming
1713,Womens Center In Lusk,Wyoming
1714,Wyoming Honor Conservation Camp,Wyoming
1715,Wyoming Honor Farm,Wyoming
1716,Wyoming Medium Correctional Institution,Wyoming
1717,Wyoming State Penitentiary,Wyoming